iter	Logloss
0	0.4737727135
1	0.4306950599
2	0.4014375826
3	0.3702859314
4	0.3385301549
5	0.3177302185
6	0.304269397
7	0.2841947587
8	0.2572686243
9	0.2470173825
